timestamp,operator,action,target,result,duration_ms
2026-06-16T00:00:08Z,ops_charlie,read,staging-api,success,42053
2026-06-16T00:04:58Z,ops_charlie,deploy,staging-api,success,47891
2026-06-16T00:07:01Z,svc_deploy,ssh,prod-cache-01,success,24095
2026-06-16T00:07:13Z,ops_charlie,create,prod-db-slave,success,1826
2026-06-16T00:09:54Z,svc_deploy,ssh,prod-mq-01,success,46045
2026-06-16T00:10:41Z,ops_bob,deploy,prod-web-02,success,57122
2026-06-16T00:12:06Z,ops_charlie,config_change,prod-web-02,success,29165
2026-06-16T00:14:35Z,ops_charlie,restart,prod-mq-01,success,11472
2026-06-16T00:16:05Z,ops_alice,read,prod-cache-01,success,34759
2026-06-16T00:16:08Z,ops_bob,sudo,prod-mq-01,failure,33720
2026-06-16T00:20:18Z,ops_bob,deploy,prod-cache-01,success,29089
2026-06-16T00:20:40Z,ops_charlie,write,prod-web-02,success,42436
2026-06-16T00:21:18Z,ops_bob,read,prod-db-master,success,22337
2026-06-16T00:22:49Z,ops_bob,sudo,prod-db-master,success,49984
2026-06-16T00:23:55Z,ops_alice,sudo,prod-web-01,success,33589
2026-06-16T00:24:16Z,svc_deploy,deploy,prod-cache-01,success,53745
2026-06-16T00:25:07Z,svc_deploy,read,prod-db-master,success,55979
2026-06-16T00:25:08Z,ops_charlie,read,staging-api,success,31411
2026-06-16T00:27:44Z,svc_deploy,write,prod-cache-01,success,23940
2026-06-16T00:28:07Z,ops_charlie,write,prod-mq-01,success,1311
2026-06-16T00:28:46Z,ops_alice,read,prod-mq-01,success,57637
2026-06-16T00:28:58Z,ops_bob,deploy,prod-mq-01,success,50094
2026-06-16T00:29:15Z,ops_charlie,read,prod-cache-01,success,49752
2026-06-16T00:29:36Z,ops_charlie,restart,prod-mq-01,success,51206
2026-06-16T00:30:58Z,ops_bob,read,prod-web-02,success,54159
2026-06-16T00:31:38Z,ops_bob,ssh,prod-web-01,success,35731
2026-06-16T00:31:56Z,ops_bob,write,staging-api,failure,52112
2026-06-16T00:32:27Z,ops_bob,ssh,prod-cache-01,success,41673
2026-06-16T00:34:40Z,ops_charlie,create,prod-mq-01,success,17426
2026-06-16T00:38:41Z,ops_alice,restart,prod-web-02,success,14731
2026-06-16T00:39:02Z,svc_deploy,read,prod-web-01,success,54315
2026-06-16T00:39:35Z,svc_deploy,restart,staging-api,success,36550
2026-06-16T00:39:36Z,ops_alice,create,prod-db-master,success,15854
2026-06-16T00:40:43Z,svc_deploy,ssh,prod-db-master,success,13486
2026-06-16T00:48:03Z,ops_alice,sudo,prod-cache-01,success,18389
2026-06-16T00:49:04Z,ops_charlie,read,prod-db-master,success,30553
2026-06-16T00:53:24Z,ops_bob,deploy,prod-db-master,failure,5556
2026-06-16T00:56:01Z,ops_bob,write,prod-mq-01,success,57620
2026-06-16T00:59:48Z,svc_deploy,deploy,prod-db-slave,failure,59333
2026-06-16T01:01:20Z,svc_deploy,restart,prod-db-slave,failure,8716
2026-06-16T01:01:46Z,ops_charlie,backup,prod-mq-01,success,46266
2026-06-16T01:02:09Z,ops_charlie,sudo,prod-db-slave,success,10223
2026-06-16T01:03:59Z,ops_alice,config_change,prod-db-master,success,29331
2026-06-16T01:04:05Z,svc_deploy,config_change,prod-web-01,success,35480
2026-06-16T01:04:55Z,ops_alice,read,prod-cache-01,failure,53864
2026-06-16T01:07:40Z,ops_alice,restart,prod-web-02,success,1463
2026-06-16T01:09:04Z,ops_bob,sudo,staging-api,success,55029
2026-06-16T01:10:10Z,ops_charlie,sudo,prod-cache-01,failure,37884
2026-06-16T01:11:10Z,svc_deploy,deploy,prod-mq-01,success,7798
2026-06-16T01:11:26Z,svc_deploy,read,prod-web-02,success,33154
2026-06-16T01:12:42Z,ops_bob,sudo,prod-db-master,success,51994
2026-06-16T01:14:01Z,ops_bob,write,prod-db-master,success,55631
2026-06-16T01:15:52Z,ops_charlie,read,prod-db-master,success,43819
2026-06-16T01:16:32Z,svc_deploy,read,prod-db-slave,success,28687
2026-06-16T01:16:54Z,ops_charlie,deploy,prod-db-slave,success,59843
2026-06-16T01:16:56Z,ops_alice,config_change,staging-api,success,47851
2026-06-16T01:17:06Z,ops_bob,restart,prod-web-01,success,47229
2026-06-16T01:17:33Z,ops_bob,deploy,prod-web-01,success,17627
2026-06-16T01:17:43Z,ops_alice,deploy,staging-api,success,51277
2026-06-16T01:18:11Z,ops_alice,deploy,prod-mq-01,success,28062
2026-06-16T01:18:12Z,ops_alice,create,staging-api,success,36411
2026-06-16T01:18:23Z,ops_charlie,ssh,prod-web-01,success,13881
2026-06-16T01:25:01Z,ops_bob,create,prod-cache-01,success,52385
2026-06-16T01:25:54Z,ops_alice,sudo,prod-db-slave,success,53755
2026-06-16T01:27:59Z,ops_charlie,write,prod-web-01,success,13068
2026-06-16T01:28:33Z,ops_alice,write,prod-db-master,success,19364
2026-06-16T01:28:55Z,svc_deploy,sudo,staging-api,success,13257
2026-06-16T01:29:13Z,ops_charlie,deploy,prod-web-02,success,33267
2026-06-16T01:31:23Z,ops_bob,deploy,prod-cache-01,success,29914
2026-06-16T01:32:16Z,ops_bob,write,prod-db-master,success,47494
2026-06-16T01:33:44Z,ops_bob,write,prod-web-01,failure,54495
2026-06-16T01:34:29Z,svc_deploy,read,prod-web-01,success,56949
2026-06-16T01:35:12Z,ops_charlie,ssh,staging-api,success,12540
2026-06-16T01:36:43Z,svc_deploy,write,prod-web-02,success,32438
2026-06-16T01:37:24Z,ops_alice,restart,prod-mq-01,failure,3579
2026-06-16T01:42:21Z,ops_alice,restart,prod-web-01,success,2676
2026-06-16T01:42:36Z,svc_deploy,sudo,prod-db-slave,success,50034
2026-06-16T01:43:01Z,ops_charlie,deploy,prod-db-master,success,39284
2026-06-16T01:44:08Z,ops_alice,deploy,staging-api,success,4588
2026-06-16T01:46:30Z,ops_alice,deploy,prod-db-master,failure,1106
2026-06-16T01:48:48Z,svc_deploy,deploy,staging-api,success,51206
2026-06-16T01:49:07Z,ops_charlie,read,prod-cache-01,success,42127
2026-06-16T01:51:50Z,ops_bob,deploy,prod-cache-01,success,4684
2026-06-16T01:52:42Z,ops_charlie,config_change,staging-api,success,31999
2026-06-16T01:53:15Z,ops_alice,read,prod-cache-01,success,90
2026-06-16T01:55:17Z,ops_charlie,backup,prod-mq-01,success,50105
2026-06-16T01:55:32Z,ops_alice,deploy,prod-db-master,success,38642
2026-06-16T01:55:46Z,ops_charlie,sudo,prod-cache-01,success,46641
2026-06-16T01:56:05Z,ops_alice,sudo,prod-web-02,success,38426
2026-06-16T01:56:15Z,svc_deploy,write,staging-api,failure,31327
2026-06-16T01:56:50Z,ops_bob,write,prod-db-master,success,15989
2026-06-16T01:57:38Z,svc_deploy,restart,prod-web-02,success,6492
2026-06-16T01:57:39Z,ops_charlie,deploy,prod-cache-01,success,29476
2026-06-16T01:58:57Z,ops_alice,write,prod-cache-01,success,30932
2026-06-16T02:03:54Z,ops_alice,deploy,prod-db-master,failure,39687
2026-06-16T02:04:20Z,ops_bob,create,prod-mq-01,success,49311
2026-06-16T02:05:11Z,ops_bob,backup,staging-api,success,55634
2026-06-16T02:09:16Z,ops_bob,deploy,prod-db-slave,success,50238
2026-06-16T02:10:07Z,svc_deploy,read,staging-api,success,40385
2026-06-16T02:11:22Z,ops_alice,read,prod-web-02,failure,30239
2026-06-16T02:12:24Z,ops_charlie,deploy,prod-web-01,success,3644
2026-06-16T02:12:41Z,ops_bob,read,prod-mq-01,success,35603
2026-06-16T02:12:43Z,ops_bob,config_change,prod-web-01,success,36757
2026-06-16T02:14:25Z,ops_charlie,deploy,prod-mq-01,success,15438
2026-06-16T02:14:51Z,ops_alice,read,prod-web-01,success,11733
2026-06-16T02:15:20Z,ops_bob,sudo,prod-mq-01,success,3834
2026-06-16T02:18:51Z,ops_alice,create,prod-db-slave,failure,59739
2026-06-16T02:19:27Z,ops_alice,sudo,prod-web-02,failure,58585
2026-06-16T02:19:42Z,svc_deploy,deploy,prod-web-02,success,34506
2026-06-16T02:22:10Z,ops_charlie,create,prod-cache-01,success,4470
2026-06-16T02:22:25Z,ops_charlie,write,prod-mq-01,success,24747
2026-06-16T02:22:26Z,ops_alice,deploy,prod-web-01,success,17814
2026-06-16T02:23:18Z,ops_charlie,create,prod-web-02,success,43262
2026-06-16T02:25:15Z,ops_bob,deploy,prod-web-02,success,2985
2026-06-16T02:25:49Z,svc_deploy,sudo,prod-db-master,success,11969
2026-06-16T02:31:07Z,svc_deploy,deploy,prod-cache-01,success,59471
2026-06-16T02:31:10Z,svc_deploy,write,prod-cache-01,success,45850
2026-06-16T02:34:13Z,svc_deploy,ssh,prod-db-master,success,54690
2026-06-16T02:34:40Z,ops_charlie,ssh,prod-db-master,failure,45584
2026-06-16T02:35:18Z,ops_charlie,delete,prod-web-01,success,49317
2026-06-16T02:36:35Z,svc_deploy,read,prod-db-master,failure,57882
2026-06-16T02:36:42Z,ops_bob,read,prod-db-slave,success,58356
2026-06-16T02:36:49Z,ops_bob,sudo,prod-cache-01,success,52426
2026-06-16T02:36:57Z,ops_alice,sudo,prod-cache-01,failure,13170
2026-06-16T02:37:35Z,ops_alice,sudo,prod-web-02,success,30918
2026-06-16T02:37:51Z,ops_bob,restart,prod-db-slave,success,51909
2026-06-16T02:41:43Z,ops_charlie,backup,prod-web-02,failure,6515
2026-06-16T02:42:45Z,ops_bob,ssh,prod-db-master,success,46437
2026-06-16T02:42:53Z,svc_deploy,sudo,prod-cache-01,success,41660
2026-06-16T02:43:45Z,ops_bob,sudo,prod-db-slave,success,50294
2026-06-16T02:43:58Z,ops_alice,sudo,staging-api,success,26787
2026-06-16T02:44:32Z,ops_charlie,deploy,prod-web-01,success,32384
2026-06-16T02:45:43Z,ops_alice,sudo,prod-web-01,success,23751
2026-06-16T02:47:53Z,ops_alice,create,staging-api,success,23805
2026-06-16T02:47:56Z,ops_charlie,ssh,prod-db-slave,success,45593
2026-06-16T02:49:33Z,ops_bob,backup,prod-db-slave,success,53836
2026-06-16T02:52:00Z,ops_bob,write,prod-cache-01,success,4567
2026-06-16T02:53:33Z,ops_bob,ssh,prod-web-01,success,55564
2026-06-16T02:53:45Z,ops_bob,create,prod-db-master,success,53389
2026-06-16T02:54:05Z,ops_alice,deploy,prod-web-01,success,43501
2026-06-16T02:54:14Z,ops_bob,restart,prod-web-01,success,57978
2026-06-16T02:55:18Z,ops_alice,sudo,prod-web-02,failure,5182
2026-06-16T02:55:22Z,svc_deploy,create,prod-cache-01,success,18499
2026-06-16T02:58:33Z,ops_charlie,read,prod-mq-01,success,46898
2026-06-16T02:58:55Z,ops_charlie,deploy,prod-web-02,success,1733
2026-06-16T03:02:12Z,ops_alice,config_change,prod-db-slave,success,53125
2026-06-16T03:02:27Z,svc_deploy,read,prod-db-slave,success,58855
2026-06-16T03:02:56Z,ops_alice,read,prod-db-slave,success,51831
2026-06-16T03:03:40Z,ops_bob,read,prod-mq-01,success,56196
2026-06-16T03:04:11Z,ops_alice,config_change,prod-db-slave,failure,57082
2026-06-16T03:04:21Z,ops_charlie,read,prod-web-02,success,6028
2026-06-16T03:07:00Z,ops_bob,backup,prod-db-slave,success,13412
2026-06-16T03:07:16Z,ops_charlie,deploy,staging-api,success,45454
2026-06-16T03:07:35Z,ops_charlie,read,prod-mq-01,success,35626
2026-06-16T03:08:26Z,ops_alice,ssh,prod-cache-01,success,28
2026-06-16T03:09:11Z,ops_charlie,restart,prod-db-master,success,51748
2026-06-16T03:09:14Z,ops_bob,restart,prod-mq-01,success,30800
2026-06-16T03:09:22Z,svc_deploy,read,prod-db-slave,success,43563
2026-06-16T03:09:45Z,ops_bob,read,prod-mq-01,success,4752
2026-06-16T03:11:15Z,ops_charlie,deploy,prod-db-slave,failure,40981
2026-06-16T03:11:35Z,ops_alice,read,staging-api,success,57342
2026-06-16T03:13:11Z,ops_bob,write,prod-web-01,success,21158
2026-06-16T03:13:20Z,ops_charlie,sudo,prod-mq-01,success,44602
2026-06-16T03:14:07Z,ops_charlie,deploy,prod-cache-01,success,25459
2026-06-16T03:14:46Z,ops_charlie,deploy,prod-web-01,success,7127
2026-06-16T03:15:16Z,ops_alice,sudo,staging-api,success,21755
2026-06-16T03:16:06Z,ops_bob,deploy,staging-api,success,3389
2026-06-16T03:16:09Z,ops_alice,restart,prod-web-01,success,3506
2026-06-16T03:16:36Z,ops_bob,backup,prod-cache-01,failure,25284
2026-06-16T03:17:24Z,ops_charlie,restart,prod-mq-01,success,24174
2026-06-16T03:17:24Z,ops_charlie,restart,prod-cache-01,success,27581
2026-06-16T03:18:00Z,ops_charlie,read,prod-db-slave,success,37796
2026-06-16T03:19:04Z,ops_alice,restart,prod-db-slave,success,50389
2026-06-16T03:19:18Z,ops_alice,ssh,staging-api,success,23466
2026-06-16T03:19:55Z,ops_bob,sudo,staging-api,success,39846
2026-06-16T03:20:17Z,ops_charlie,restart,prod-web-02,success,27489
2026-06-16T03:20:23Z,svc_deploy,sudo,prod-cache-01,success,47208
2026-06-16T03:20:41Z,ops_charlie,read,staging-api,success,46978
2026-06-16T03:20:55Z,svc_deploy,restart,prod-mq-01,success,24710
2026-06-16T03:22:36Z,svc_deploy,deploy,prod-cache-01,success,8780
2026-06-16T03:27:43Z,ops_bob,restart,prod-mq-01,success,41576
2026-06-16T03:29:43Z,ops_alice,deploy,staging-api,success,17930
2026-06-16T03:29:54Z,svc_deploy,read,prod-web-02,success,11167
2026-06-16T03:31:26Z,ops_charlie,ssh,prod-db-master,failure,23392
2026-06-16T03:31:29Z,svc_deploy,config_change,prod-db-master,success,44562
2026-06-16T03:31:43Z,ops_bob,read,prod-web-01,success,37793
2026-06-16T03:32:28Z,svc_deploy,backup,prod-cache-01,success,3258
2026-06-16T03:33:51Z,svc_deploy,read,prod-cache-01,success,18680
2026-06-16T03:36:28Z,svc_deploy,deploy,prod-cache-01,success,57779
2026-06-16T03:37:38Z,ops_bob,ssh,prod-mq-01,success,54822
2026-06-16T03:38:03Z,svc_deploy,write,prod-cache-01,success,43474
2026-06-16T03:38:44Z,svc_deploy,restart,staging-api,success,1601
2026-06-16T03:39:35Z,ops_bob,config_change,prod-mq-01,success,46137
2026-06-16T03:40:40Z,ops_alice,read,staging-api,success,43032
2026-06-16T03:40:54Z,ops_alice,restart,prod-web-02,success,21550
2026-06-16T03:45:25Z,svc_deploy,backup,staging-api,success,51427
2026-06-16T03:45:32Z,ops_bob,read,prod-mq-01,success,17745
2026-06-16T03:48:07Z,svc_deploy,read,prod-cache-01,success,12916
2026-06-16T03:50:43Z,ops_alice,deploy,prod-mq-01,success,35043
2026-06-16T03:51:47Z,ops_alice,read,prod-web-01,success,52560
2026-06-16T03:53:02Z,ops_charlie,read,prod-web-01,success,54725
2026-06-16T03:53:19Z,ops_charlie,sudo,prod-web-02,success,29193
2026-06-16T03:54:18Z,ops_bob,ssh,prod-web-01,success,56493
2026-06-16T03:58:20Z,ops_bob,read,prod-web-02,success,8997
2026-06-16T03:58:36Z,svc_deploy,deploy,prod-web-02,success,2770
2026-06-16T04:08:26Z,svc_deploy,restart,prod-mq-01,success,31710
2026-06-16T04:10:15Z,svc_deploy,write,prod-web-01,success,27694
2026-06-16T04:10:33Z,ops_alice,config_change,prod-web-01,success,3468
2026-06-16T04:13:07Z,svc_deploy,sudo,prod-mq-01,success,53502
2026-06-16T04:13:07Z,ops_charlie,write,prod-db-slave,success,31683
2026-06-16T04:16:00Z,ops_alice,delete,prod-web-01,success,1973
2026-06-16T04:18:29Z,svc_deploy,deploy,prod-mq-01,success,14736
2026-06-16T04:18:35Z,svc_deploy,deploy,prod-web-02,success,39827
2026-06-16T04:20:42Z,ops_bob,deploy,prod-web-01,success,59879
2026-06-16T04:20:50Z,svc_deploy,sudo,prod-mq-01,success,4634
2026-06-16T04:21:45Z,ops_bob,sudo,prod-mq-01,failure,41273
2026-06-16T04:24:03Z,ops_bob,deploy,prod-cache-01,success,41237
2026-06-16T04:24:12Z,ops_charlie,deploy,staging-api,success,19230
2026-06-16T04:24:29Z,ops_bob,read,staging-api,success,44694
2026-06-16T04:26:24Z,ops_alice,config_change,prod-web-02,success,12335
2026-06-16T04:26:44Z,ops_bob,deploy,staging-api,success,58887
2026-06-16T04:27:16Z,ops_charlie,read,prod-cache-01,success,20972
2026-06-16T04:27:47Z,svc_deploy,create,prod-db-slave,success,38351
2026-06-16T04:29:32Z,ops_charlie,sudo,prod-mq-01,success,58006
2026-06-16T04:30:36Z,ops_bob,read,prod-web-02,success,7395
2026-06-16T04:33:06Z,ops_alice,create,prod-web-02,success,2573
2026-06-16T04:37:49Z,ops_bob,write,prod-db-master,success,38160
2026-06-16T04:39:31Z,ops_bob,deploy,prod-web-01,success,32167
2026-06-16T04:40:03Z,ops_bob,backup,prod-db-master,success,52332
2026-06-16T04:42:42Z,svc_deploy,config_change,prod-mq-01,success,2643
2026-06-16T04:44:39Z,ops_charlie,read,prod-web-01,success,12522
2026-06-16T04:45:29Z,ops_bob,ssh,prod-db-master,success,26613
2026-06-16T04:45:42Z,ops_charlie,config_change,prod-db-master,success,38356
2026-06-16T04:46:26Z,ops_alice,ssh,prod-db-master,success,36265
2026-06-16T04:47:51Z,ops_alice,create,prod-cache-01,success,32830
2026-06-16T04:48:02Z,svc_deploy,sudo,prod-db-master,success,34438
2026-06-16T04:51:23Z,ops_bob,read,prod-mq-01,success,17532
2026-06-16T04:56:32Z,ops_charlie,read,prod-mq-01,success,7899
2026-06-16T05:02:03Z,ops_alice,write,prod-db-slave,success,28705
2026-06-16T05:02:40Z,ops_charlie,restart,prod-db-master,success,32415
2026-06-16T05:03:05Z,ops_charlie,config_change,staging-api,success,28985
2026-06-16T05:06:16Z,svc_deploy,read,prod-db-slave,success,17710
2026-06-16T05:07:08Z,ops_bob,restart,prod-web-01,failure,13169
2026-06-16T05:09:47Z,ops_bob,backup,prod-web-01,success,45993
2026-06-16T05:12:39Z,svc_deploy,sudo,prod-db-slave,success,46637
2026-06-16T05:13:15Z,ops_alice,deploy,prod-cache-01,failure,31475
2026-06-16T05:15:33Z,ops_alice,sudo,prod-mq-01,failure,49208
2026-06-16T05:16:38Z,ops_charlie,deploy,prod-web-01,success,10864
2026-06-16T05:16:47Z,ops_alice,read,prod-db-master,success,52286
2026-06-16T05:16:56Z,ops_bob,read,staging-api,success,24471
2026-06-16T05:17:16Z,ops_alice,read,prod-mq-01,success,24431
2026-06-16T05:17:20Z,svc_deploy,read,prod-web-01,success,3194
2026-06-16T05:19:17Z,ops_alice,config_change,prod-web-02,success,34786
2026-06-16T05:24:26Z,svc_deploy,create,prod-db-master,success,28050
2026-06-16T05:25:25Z,ops_charlie,config_change,prod-web-02,success,40649
2026-06-16T05:25:42Z,ops_alice,ssh,prod-mq-01,success,27317
2026-06-16T05:27:34Z,ops_alice,read,prod-mq-01,success,51303
2026-06-16T05:27:51Z,svc_deploy,restart,prod-db-master,success,5923
2026-06-16T05:28:28Z,ops_alice,create,prod-db-slave,success,1178
2026-06-16T05:29:02Z,ops_charlie,config_change,prod-mq-01,failure,51381
2026-06-16T05:30:11Z,ops_charlie,ssh,prod-web-02,success,26022
2026-06-16T05:31:07Z,ops_bob,deploy,prod-db-master,failure,11583
2026-06-16T05:32:25Z,svc_deploy,read,prod-web-02,failure,13643
2026-06-16T05:36:47Z,ops_alice,restart,prod-mq-01,success,3482
2026-06-16T05:38:33Z,ops_alice,deploy,prod-cache-01,failure,30436
2026-06-16T05:41:19Z,ops_bob,config_change,prod-web-02,success,35218
2026-06-16T05:41:42Z,ops_bob,write,prod-db-slave,success,46761
2026-06-16T05:41:49Z,ops_alice,config_change,prod-db-slave,success,51372
2026-06-16T05:42:43Z,svc_deploy,sudo,prod-db-master,success,3807
2026-06-16T05:43:15Z,ops_alice,deploy,prod-cache-01,success,28220
2026-06-16T05:44:52Z,ops_alice,deploy,prod-db-master,success,36883
2026-06-16T05:48:49Z,ops_bob,read,prod-db-slave,success,44798
2026-06-16T05:49:22Z,ops_alice,create,prod-web-02,success,42769
2026-06-16T05:49:50Z,ops_bob,restart,prod-mq-01,success,39811
2026-06-16T05:51:14Z,ops_alice,ssh,prod-web-01,success,18580
2026-06-16T05:51:17Z,ops_charlie,read,prod-web-01,success,7889
2026-06-16T05:52:06Z,svc_deploy,ssh,prod-web-02,success,48854
2026-06-16T05:52:50Z,ops_charlie,restart,prod-mq-01,success,38837
2026-06-16T05:56:03Z,svc_deploy,config_change,prod-cache-01,success,24694
2026-06-16T05:56:16Z,ops_bob,write,prod-db-slave,success,29257
2026-06-16T05:58:20Z,ops_bob,sudo,prod-mq-01,success,8079
2026-06-16T06:00:33Z,ops_bob,restart,prod-db-master,success,37717
2026-06-16T06:01:13Z,ops_bob,deploy,prod-web-02,success,57978
2026-06-16T06:01:40Z,ops_bob,sudo,prod-web-02,success,21370
2026-06-16T06:04:58Z,ops_charlie,write,prod-cache-01,success,18522
2026-06-16T06:07:25Z,ops_charlie,config_change,prod-cache-01,success,17539
2026-06-16T06:07:47Z,ops_charlie,config_change,prod-cache-01,failure,11422
2026-06-16T06:10:16Z,ops_bob,sudo,staging-api,success,51567
2026-06-16T06:11:22Z,ops_charlie,sudo,prod-cache-01,success,51295
2026-06-16T06:15:52Z,ops_bob,read,prod-web-01,success,51230
2026-06-16T06:25:25Z,svc_deploy,read,prod-web-02,success,24132
2026-06-16T06:26:19Z,ops_bob,ssh,prod-web-01,success,51510
2026-06-16T06:28:37Z,ops_alice,restart,prod-web-02,failure,54372
2026-06-16T06:28:56Z,ops_bob,read,prod-cache-01,failure,21567
2026-06-16T06:29:06Z,ops_charlie,read,staging-api,success,36196
2026-06-16T06:29:11Z,ops_charlie,deploy,prod-db-master,success,17289
2026-06-16T06:32:49Z,ops_bob,write,prod-web-01,success,26163
2026-06-16T06:33:03Z,svc_deploy,restart,prod-web-02,success,39748
2026-06-16T06:39:14Z,ops_charlie,write,staging-api,success,39651
2026-06-16T06:41:39Z,svc_deploy,write,prod-web-01,success,34436
2026-06-16T06:41:43Z,ops_bob,read,prod-db-master,success,2334
2026-06-16T06:41:53Z,svc_deploy,config_change,prod-web-02,failure,10526
2026-06-16T06:45:48Z,ops_charlie,deploy,prod-web-01,success,25541
2026-06-16T06:47:10Z,svc_deploy,sudo,prod-db-slave,success,29246
2026-06-16T06:48:12Z,svc_deploy,deploy,prod-mq-01,success,37710
2026-06-16T06:49:44Z,ops_charlie,deploy,prod-cache-01,success,1359
2026-06-16T06:51:18Z,ops_bob,read,prod-db-slave,success,17087
2026-06-16T06:52:33Z,ops_charlie,ssh,prod-web-02,success,45488
2026-06-16T06:52:42Z,ops_bob,sudo,staging-api,success,42551
2026-06-16T06:53:05Z,ops_alice,config_change,prod-web-02,success,59136
2026-06-16T06:54:34Z,ops_bob,delete,prod-web-01,success,6533
2026-06-16T06:55:23Z,ops_bob,sudo,prod-mq-01,success,7162
2026-06-16T06:55:24Z,svc_deploy,read,prod-db-slave,success,44816
2026-06-16T06:55:26Z,ops_alice,deploy,prod-db-master,success,41797
2026-06-16T06:56:42Z,svc_deploy,read,staging-api,success,1114
2026-06-16T07:00:47Z,ops_charlie,deploy,staging-api,success,36707
2026-06-16T07:02:19Z,ops_bob,delete,prod-web-01,failure,33599
2026-06-16T07:02:23Z,ops_bob,read,prod-db-master,success,57180
2026-06-16T07:05:14Z,ops_bob,read,prod-web-02,success,49296
2026-06-16T07:05:17Z,svc_deploy,read,prod-cache-01,success,56894
2026-06-16T07:05:19Z,ops_bob,read,prod-cache-01,failure,53190
2026-06-16T07:11:06Z,ops_charlie,deploy,staging-api,success,24648
2026-06-16T07:14:13Z,ops_alice,deploy,prod-mq-01,success,23124
2026-06-16T07:15:48Z,ops_bob,read,prod-web-02,success,50806
2026-06-16T07:16:18Z,ops_charlie,deploy,prod-web-02,failure,47096
2026-06-16T07:16:45Z,ops_bob,restart,prod-web-01,success,2138
2026-06-16T07:16:49Z,ops_charlie,backup,prod-cache-01,success,41097
2026-06-16T07:19:00Z,ops_charlie,write,prod-db-master,success,12712
2026-06-16T07:21:48Z,ops_alice,write,prod-web-01,success,39360
2026-06-16T07:22:48Z,ops_bob,write,prod-db-master,success,51133
2026-06-16T07:23:01Z,svc_deploy,create,prod-cache-01,success,22250
2026-06-16T07:23:20Z,svc_deploy,deploy,prod-cache-01,success,48091
2026-06-16T07:25:10Z,ops_bob,deploy,prod-cache-01,success,13673
2026-06-16T07:25:29Z,ops_charlie,delete,prod-cache-01,success,59430
2026-06-16T07:27:00Z,ops_bob,ssh,staging-api,success,16319
2026-06-16T07:28:03Z,ops_charlie,sudo,prod-db-master,success,3599
2026-06-16T07:32:57Z,ops_bob,backup,prod-db-master,failure,32390
2026-06-16T07:35:11Z,svc_deploy,restart,prod-web-02,failure,12559
2026-06-16T07:35:13Z,ops_alice,read,staging-api,success,27371
2026-06-16T07:35:18Z,ops_charlie,sudo,staging-api,success,45533
2026-06-16T07:35:49Z,ops_alice,backup,staging-api,success,37326
2026-06-16T07:36:06Z,ops_charlie,create,staging-api,success,14959
2026-06-16T07:36:34Z,ops_alice,read,prod-mq-01,success,29230
2026-06-16T07:37:21Z,ops_alice,read,prod-web-01,failure,11564
2026-06-16T07:38:35Z,ops_charlie,read,prod-db-slave,success,29284
2026-06-16T07:39:13Z,ops_charlie,sudo,prod-cache-01,success,22706
2026-06-16T07:40:57Z,ops_bob,restart,prod-web-01,success,34179
2026-06-16T07:42:16Z,ops_alice,restart,prod-cache-01,success,4886
2026-06-16T07:42:59Z,svc_deploy,deploy,prod-cache-01,success,29149
2026-06-16T07:43:36Z,svc_deploy,config_change,prod-cache-01,success,51165
2026-06-16T07:45:06Z,ops_alice,write,prod-db-master,success,19444
2026-06-16T07:46:51Z,svc_deploy,ssh,prod-cache-01,success,34027
2026-06-16T07:47:15Z,ops_alice,config_change,prod-web-02,success,43666
2026-06-16T07:48:31Z,svc_deploy,read,prod-web-01,success,17791
2026-06-16T07:49:02Z,svc_deploy,sudo,prod-mq-01,success,36044
2026-06-16T07:49:14Z,svc_deploy,config_change,prod-db-slave,success,17312
2026-06-16T07:50:09Z,ops_alice,sudo,staging-api,success,37208
2026-06-16T07:53:25Z,svc_deploy,ssh,prod-mq-01,success,35784
2026-06-16T07:53:49Z,svc_deploy,restart,prod-db-slave,success,47638
2026-06-16T07:55:33Z,svc_deploy,sudo,prod-web-01,success,2777
2026-06-16T07:56:40Z,svc_deploy,backup,prod-web-01,success,2764
2026-06-16T07:58:51Z,svc_deploy,write,prod-web-01,success,12262
2026-06-16T07:59:14Z,ops_bob,deploy,prod-mq-01,success,7505
2026-06-16T08:00:18Z,ops_bob,ssh,prod-db-slave,failure,1834
2026-06-16T08:01:02Z,ops_charlie,backup,prod-web-02,success,3729
2026-06-16T08:02:14Z,svc_deploy,read,prod-db-master,failure,45876
2026-06-16T08:03:10Z,svc_deploy,config_change,prod-mq-01,failure,40259
2026-06-16T08:05:02Z,ops_bob,restart,prod-web-01,success,41094
2026-06-16T08:06:14Z,ops_alice,read,prod-web-01,failure,19369
2026-06-16T08:08:22Z,ops_bob,deploy,prod-db-slave,success,55608
2026-06-16T08:10:05Z,ops_bob,read,prod-cache-01,success,24435
2026-06-16T08:12:33Z,ops_bob,write,prod-db-master,success,42122
2026-06-16T08:18:45Z,svc_deploy,write,prod-web-02,success,7252
2026-06-16T08:19:45Z,ops_alice,write,staging-api,success,38980
2026-06-16T08:20:36Z,svc_deploy,sudo,prod-db-master,success,33020
2026-06-16T08:21:13Z,ops_bob,sudo,prod-cache-01,success,18223
2026-06-16T08:23:06Z,ops_bob,sudo,prod-db-master,success,8783
2026-06-16T08:24:26Z,ops_bob,read,prod-cache-01,failure,45214
2026-06-16T08:25:05Z,ops_alice,deploy,prod-web-02,success,9359
2026-06-16T08:27:15Z,ops_charlie,write,prod-web-01,success,55869
2026-06-16T08:29:34Z,ops_alice,write,prod-cache-01,success,30839
2026-06-16T08:34:30Z,ops_bob,restart,prod-db-slave,success,20230
2026-06-16T08:34:41Z,ops_charlie,sudo,prod-web-01,success,38602
2026-06-16T08:38:07Z,ops_charlie,deploy,prod-db-master,failure,11954
2026-06-16T08:41:32Z,ops_alice,deploy,prod-db-slave,success,27913
2026-06-16T08:42:34Z,ops_bob,sudo,prod-web-01,success,44000
2026-06-16T08:43:05Z,svc_deploy,deploy,prod-web-02,success,47032
2026-06-16T08:43:34Z,svc_deploy,permission_grant_global,prod-mq-01,failure,19125
2026-06-16T08:43:43Z,ops_charlie,ssh,prod-db-slave,success,10395
2026-06-16T08:44:05Z,svc_deploy,deploy,prod-web-02,success,15429
2026-06-16T08:47:56Z,svc_deploy,read,prod-db-slave,success,57928
2026-06-16T08:48:06Z,svc_deploy,config_change,prod-mq-01,success,51677
2026-06-16T08:49:25Z,ops_bob,write,prod-mq-01,failure,57169
2026-06-16T08:52:11Z,svc_deploy,write,prod-db-master,success,25702
2026-06-16T08:53:35Z,ops_bob,write,staging-api,success,1118
2026-06-16T08:54:15Z,svc_deploy,ssh,staging-api,success,57093
2026-06-16T08:59:10Z,ops_charlie,read,prod-mq-01,success,42777
2026-06-16T08:59:15Z,ops_charlie,deploy,prod-db-master,success,40535
2026-06-16T09:00:13Z,svc_deploy,write,prod-cache-01,failure,7597
2026-06-16T09:01:34Z,ops_alice,deploy,prod-cache-01,success,57760
2026-06-16T09:04:49Z,ops_alice,restart,prod-web-01,success,50980
2026-06-16T09:06:24Z,ops_charlie,ssh,prod-db-slave,failure,16284
2026-06-16T09:07:51Z,ops_bob,read,prod-web-02,success,435
2026-06-16T09:10:45Z,ops_bob,permission_grant_global,prod-db-slave,success,33746
2026-06-16T09:11:02Z,ops_charlie,read,prod-db-slave,success,12676
2026-06-16T09:15:23Z,svc_deploy,deploy,prod-db-slave,success,58113
2026-06-16T09:15:51Z,ops_charlie,delete,prod-db-master,success,8866
2026-06-16T09:17:26Z,ops_charlie,write,prod-cache-01,success,17486
2026-06-16T09:17:30Z,ops_alice,deploy,prod-mq-01,success,55227
2026-06-16T09:18:10Z,ops_alice,deploy,prod-web-02,success,36474
2026-06-16T09:18:18Z,ops_alice,backup,prod-web-02,success,33460
2026-06-16T09:18:25Z,ops_bob,delete,prod-web-02,success,56811
2026-06-16T09:18:28Z,ops_bob,read,prod-mq-01,success,10033
2026-06-16T09:18:45Z,svc_deploy,ssh,prod-mq-01,success,36486
2026-06-16T09:18:55Z,ops_charlie,backup,prod-web-02,success,57173
2026-06-16T09:19:41Z,ops_alice,restart,prod-cache-01,success,18834
2026-06-16T09:20:55Z,ops_charlie,sudo,staging-api,success,30346
2026-06-16T09:21:33Z,ops_bob,read,prod-mq-01,success,22664
2026-06-16T09:22:21Z,ops_charlie,ssh,prod-web-01,success,23768
2026-06-16T09:23:16Z,ops_alice,sudo,prod-db-master,success,50139
2026-06-16T09:23:22Z,ops_alice,sudo,prod-mq-01,failure,30991
2026-06-16T09:25:07Z,svc_deploy,deploy,prod-mq-01,success,56729
2026-06-16T09:27:08Z,svc_deploy,create,prod-web-01,success,8796
2026-06-16T09:30:44Z,ops_charlie,delete,prod-web-02,failure,43007
2026-06-16T09:32:05Z,ops_bob,write,prod-web-02,success,29293
2026-06-16T09:32:27Z,svc_deploy,write,prod-db-master,success,16596
2026-06-16T09:32:50Z,svc_deploy,restart,prod-db-slave,success,34789
2026-06-16T09:33:09Z,ops_bob,sudo,prod-db-slave,failure,41895
2026-06-16T09:33:34Z,ops_alice,write,prod-db-slave,success,35269
2026-06-16T09:36:41Z,ops_bob,key_rotate,prod-web-01,success,34156
2026-06-16T09:37:33Z,svc_deploy,write,prod-db-slave,failure,31629
2026-06-16T09:38:06Z,svc_deploy,write,prod-cache-01,failure,13815
2026-06-16T09:39:20Z,svc_deploy,restart,prod-cache-01,success,57399
2026-06-16T09:40:19Z,ops_charlie,write,prod-mq-01,success,10743
2026-06-16T09:40:54Z,ops_bob,deploy,prod-db-master,success,25273
2026-06-16T09:41:17Z,ops_bob,backup,prod-cache-01,success,54564
2026-06-16T09:42:11Z,ops_bob,rollback,prod-mq-01,success,22838
2026-06-16T09:43:44Z,svc_deploy,backup,prod-web-02,success,29036
2026-06-16T09:45:18Z,ops_alice,write,prod-db-slave,success,26602
2026-06-16T09:45:26Z,ops_alice,ssh,staging-api,success,7298
2026-06-16T09:46:20Z,ops_bob,deploy,prod-web-02,success,18088
2026-06-16T09:47:03Z,ops_charlie,write,prod-mq-01,failure,59351
2026-06-16T09:47:05Z,svc_deploy,deploy,prod-mq-01,failure,30421
2026-06-16T09:49:42Z,svc_deploy,sudo,prod-web-02,success,53525
2026-06-16T09:50:30Z,ops_bob,deploy,prod-web-01,success,48864
2026-06-16T09:51:10Z,ops_charlie,read,prod-web-02,success,19523
2026-06-16T09:52:13Z,ops_alice,read,prod-db-master,success,22044
2026-06-16T09:52:23Z,ops_charlie,read,prod-db-master,failure,21267
2026-06-16T09:52:29Z,svc_deploy,sudo,prod-db-slave,success,53664
2026-06-16T09:53:49Z,ops_bob,write,prod-web-01,success,33277
2026-06-16T09:56:21Z,ops_bob,deploy,prod-db-slave,success,48330
2026-06-16T09:58:09Z,ops_charlie,deploy,staging-api,success,21256
2026-06-16T09:59:46Z,ops_bob,write,prod-db-master,success,36348
2026-06-16T10:00:38Z,ops_alice,config_change,staging-api,success,45827
2026-06-16T10:01:14Z,ops_charlie,ssh,prod-db-master,failure,24407
2026-06-16T10:01:54Z,ops_alice,restart,prod-web-02,failure,43026
2026-06-16T10:02:53Z,ops_charlie,ssh,prod-web-01,success,154
2026-06-16T10:05:17Z,svc_deploy,config_change,prod-mq-01,success,32258
2026-06-16T10:05:27Z,ops_charlie,sudo,prod-db-master,success,57492
2026-06-16T10:07:50Z,ops_charlie,read,prod-mq-01,success,1533
2026-06-16T10:08:01Z,ops_alice,backup,prod-web-02,success,51046
2026-06-16T10:08:14Z,ops_alice,backup,prod-db-slave,success,50694
2026-06-16T10:10:22Z,svc_deploy,restart,staging-api,success,34165
2026-06-16T10:14:16Z,ops_bob,deploy,prod-cache-01,success,17062
2026-06-16T10:14:56Z,svc_deploy,key_rotate,prod-mq-01,success,42519
2026-06-16T10:15:16Z,ops_charlie,backup,prod-cache-01,success,4813
2026-06-16T10:15:46Z,ops_bob,restart,staging-api,success,14078
2026-06-16T10:18:29Z,ops_bob,read,prod-db-slave,success,2383
2026-06-16T10:18:39Z,svc_deploy,read,prod-web-01,success,48660
2026-06-16T10:18:41Z,ops_charlie,sudo,prod-db-slave,success,1634
2026-06-16T10:19:37Z,ops_bob,config_change,prod-web-01,success,8289
2026-06-16T10:19:44Z,ops_charlie,backup,prod-cache-01,success,7873
2026-06-16T10:20:27Z,ops_charlie,restart,prod-web-02,failure,36987
2026-06-16T10:21:00Z,ops_bob,read,prod-cache-01,success,33678
2026-06-16T10:21:45Z,ops_bob,ssh,prod-db-slave,success,37100
2026-06-16T10:25:08Z,ops_charlie,restart,prod-db-slave,success,5250
2026-06-16T10:26:36Z,ops_bob,read,prod-web-01,success,34952
2026-06-16T10:27:27Z,ops_bob,restart,prod-cache-01,success,12879
2026-06-16T10:27:59Z,ops_alice,deploy,prod-cache-01,success,32351
2026-06-16T10:28:53Z,svc_deploy,sudo,prod-web-01,success,55437
2026-06-16T10:34:48Z,ops_alice,restart,staging-api,success,51248
2026-06-16T10:35:39Z,ops_bob,read,prod-cache-01,success,50260
2026-06-16T10:36:31Z,ops_charlie,read,prod-cache-01,success,24465
2026-06-16T10:36:49Z,ops_bob,deploy,prod-db-slave,failure,18945
2026-06-16T10:37:59Z,ops_alice,deploy,prod-db-master,success,27279
2026-06-16T10:38:15Z,svc_deploy,restart,prod-cache-01,success,18208
2026-06-16T10:39:03Z,ops_alice,restart,prod-db-master,success,14613
2026-06-16T10:39:41Z,svc_deploy,backup,staging-api,success,39028
2026-06-16T10:41:14Z,ops_alice,sudo,prod-web-02,success,36000
2026-06-16T10:41:41Z,ops_alice,deploy,prod-cache-01,success,1689
2026-06-16T10:42:48Z,svc_deploy,ssh,staging-api,success,11658
2026-06-16T10:44:34Z,ops_charlie,write,prod-cache-01,success,27836
2026-06-16T10:45:30Z,svc_deploy,config_change,prod-db-slave,failure,3374
2026-06-16T10:46:07Z,ops_bob,deploy,prod-db-slave,failure,52795
2026-06-16T10:46:17Z,ops_charlie,restart,prod-web-01,success,47974
2026-06-16T10:47:12Z,ops_alice,read,prod-mq-01,success,37480
2026-06-16T10:48:20Z,ops_alice,create,prod-web-01,success,56198
2026-06-16T10:49:11Z,ops_bob,read,prod-mq-01,success,43396
2026-06-16T10:49:33Z,ops_bob,sudo,prod-web-01,success,21331
2026-06-16T10:51:53Z,ops_charlie,deploy,prod-cache-01,success,48930
2026-06-16T10:52:52Z,svc_deploy,config_change,prod-cache-01,success,35842
2026-06-16T10:56:30Z,svc_deploy,deploy,prod-mq-01,failure,25372
2026-06-16T10:58:57Z,ops_bob,read,prod-mq-01,success,17204
2026-06-16T11:01:24Z,svc_deploy,config_change,prod-db-master,failure,6143
2026-06-16T11:02:48Z,ops_alice,read,prod-web-01,success,35774
2026-06-16T11:08:40Z,ops_charlie,restart,prod-mq-01,success,13742
2026-06-16T11:08:49Z,svc_deploy,backup,prod-web-01,success,18625
2026-06-16T11:10:29Z,svc_deploy,deploy,prod-mq-01,success,17386
2026-06-16T11:11:03Z,ops_charlie,config_change,prod-web-01,success,51827
2026-06-16T11:11:30Z,ops_alice,restart,staging-api,success,49815
2026-06-16T11:12:53Z,ops_charlie,create,prod-web-02,success,8293
2026-06-16T11:13:31Z,svc_deploy,sudo,prod-db-master,failure,49193
2026-06-16T11:13:36Z,ops_alice,deploy,prod-web-02,success,46870
2026-06-16T11:15:31Z,ops_charlie,sudo,prod-web-01,success,14147
2026-06-16T11:16:17Z,svc_deploy,sudo,prod-mq-01,success,45061
2026-06-16T11:18:17Z,ops_alice,ssh,prod-cache-01,success,52265
2026-06-16T11:18:27Z,ops_alice,ssh,prod-mq-01,success,39732
2026-06-16T11:21:35Z,ops_alice,config_change,prod-mq-01,success,38773
2026-06-16T11:22:27Z,ops_bob,backup,prod-mq-01,success,32425
2026-06-16T11:23:13Z,ops_charlie,deploy,prod-db-slave,success,59734
2026-06-16T11:23:24Z,ops_alice,deploy,prod-db-master,success,34471
2026-06-16T11:25:43Z,svc_deploy,deploy,prod-cache-01,success,37107
2026-06-16T11:26:41Z,ops_charlie,sudo,prod-web-02,success,2502
2026-06-16T11:29:00Z,svc_deploy,read,prod-db-master,success,47882
2026-06-16T11:29:06Z,svc_deploy,backup,prod-db-slave,success,18380
2026-06-16T11:33:14Z,ops_charlie,read,prod-db-slave,failure,54916
2026-06-16T11:37:26Z,svc_deploy,read,prod-cache-01,success,10886
2026-06-16T11:40:48Z,svc_deploy,backup,staging-api,success,16756
2026-06-16T11:41:36Z,ops_charlie,deploy,prod-cache-01,success,48538
2026-06-16T11:42:06Z,ops_charlie,sudo,prod-cache-01,failure,47530
2026-06-16T11:42:49Z,svc_deploy,write,prod-web-02,success,15648
2026-06-16T11:44:15Z,ops_bob,write,prod-db-slave,success,18179
2026-06-16T11:44:35Z,ops_alice,deploy,prod-web-01,success,5638
2026-06-16T11:44:45Z,ops_charlie,create,staging-api,success,19094
2026-06-16T11:45:22Z,ops_bob,write,prod-db-master,success,42951
2026-06-16T11:45:52Z,svc_deploy,read,prod-cache-01,success,26398
2026-06-16T11:46:34Z,ops_charlie,ssh,prod-db-master,success,59697
2026-06-16T11:50:18Z,ops_bob,restart,staging-api,success,52740
2026-06-16T11:51:38Z,svc_deploy,ssh,prod-db-slave,success,13040
2026-06-16T11:52:04Z,svc_deploy,create,staging-api,failure,49335
2026-06-16T11:52:28Z,ops_alice,create,prod-cache-01,success,26751
2026-06-16T11:57:51Z,ops_charlie,sudo,prod-web-02,success,17063
2026-06-16T11:59:37Z,ops_charlie,deploy,prod-web-01,success,14849
2026-06-16T11:59:50Z,svc_deploy,write,staging-api,success,6023
2026-06-16T12:01:06Z,ops_alice,write,prod-cache-01,success,28243
2026-06-16T12:02:11Z,ops_bob,deploy,staging-api,success,35858
2026-06-16T12:06:38Z,ops_alice,deploy,prod-mq-01,failure,48840
2026-06-16T12:08:19Z,ops_charlie,restart,prod-mq-01,success,34024
2026-06-16T12:09:11Z,svc_deploy,read,prod-db-slave,success,4537
2026-06-16T12:09:41Z,ops_charlie,ssh,prod-db-slave,success,43827
2026-06-16T12:11:21Z,ops_alice,write,prod-web-02,success,35899
2026-06-16T12:11:56Z,svc_deploy,read,prod-mq-01,success,28734
2026-06-16T12:12:05Z,ops_alice,deploy,prod-mq-01,success,16574
2026-06-16T12:12:34Z,ops_alice,deploy,prod-cache-01,success,55470
2026-06-16T12:15:22Z,ops_bob,read,prod-cache-01,success,55162
2026-06-16T12:16:33Z,ops_charlie,restart,prod-cache-01,success,24107
2026-06-16T12:17:17Z,ops_charlie,delete,prod-cache-01,success,32468
2026-06-16T12:19:05Z,ops_charlie,write,prod-mq-01,success,17255
2026-06-16T12:19:55Z,ops_charlie,deploy,prod-db-slave,success,32674
2026-06-16T12:21:47Z,ops_alice,deploy,prod-web-02,success,28047
2026-06-16T12:22:12Z,ops_charlie,deploy,prod-db-master,success,452
2026-06-16T12:22:35Z,ops_alice,restart,prod-web-01,success,42020
2026-06-16T12:23:10Z,svc_deploy,write,staging-api,success,36836
2026-06-16T12:23:11Z,ops_bob,write,prod-cache-01,success,47320
2026-06-16T12:23:32Z,svc_deploy,ssh,staging-api,success,22165
2026-06-16T12:24:13Z,ops_charlie,config_change,prod-web-02,success,52007
2026-06-16T12:28:06Z,ops_charlie,read,staging-api,success,49580
2026-06-16T12:30:00Z,ops_charlie,restart,prod-mq-01,success,56586
2026-06-16T12:31:49Z,ops_alice,restart,staging-api,success,57254
2026-06-16T12:32:18Z,svc_deploy,read,prod-db-master,success,1861
2026-06-16T12:32:45Z,svc_deploy,read,prod-web-01,success,4621
2026-06-16T12:32:51Z,ops_charlie,read,prod-web-01,success,9284
2026-06-16T12:32:55Z,svc_deploy,write,prod-web-02,success,13523
2026-06-16T12:35:28Z,ops_charlie,deploy,prod-mq-01,success,2709
2026-06-16T12:37:55Z,ops_alice,sudo,prod-cache-01,success,17972
2026-06-16T12:39:23Z,ops_alice,ssh,prod-cache-01,success,49098
2026-06-16T12:40:04Z,svc_deploy,sudo,prod-cache-01,success,30992
2026-06-16T12:40:04Z,svc_deploy,read,prod-web-02,success,1955
2026-06-16T12:41:15Z,ops_charlie,deploy,prod-cache-01,success,19318
2026-06-16T12:46:34Z,ops_charlie,sudo,prod-web-02,success,42678
2026-06-16T12:48:45Z,ops_bob,read,prod-web-02,success,38496
2026-06-16T12:50:11Z,svc_deploy,write,prod-cache-01,success,54404
2026-06-16T12:52:59Z,ops_charlie,sudo,prod-mq-01,success,28201
2026-06-16T12:53:08Z,ops_alice,restart,prod-db-master,success,35654
2026-06-16T12:56:23Z,ops_alice,restart,prod-web-02,success,52296
2026-06-16T12:59:12Z,svc_deploy,backup,staging-api,success,30653
2026-06-16T12:59:46Z,ops_bob,config_change,prod-db-slave,success,7794
2026-06-16T13:00:03Z,svc_deploy,read,prod-db-slave,success,47223
2026-06-16T13:00:31Z,ops_charlie,config_change,prod-web-01,success,52266
2026-06-16T13:02:19Z,svc_deploy,restart,prod-db-master,success,58618
2026-06-16T13:03:20Z,ops_bob,ssh,staging-api,success,17021
2026-06-16T13:03:32Z,svc_deploy,create,prod-web-02,success,30262
2026-06-16T13:05:04Z,ops_bob,deploy,prod-mq-01,success,10648
2026-06-16T13:06:12Z,svc_deploy,ssh,prod-cache-01,success,52810
2026-06-16T13:06:17Z,ops_charlie,restart,prod-web-02,failure,15097
2026-06-16T13:07:43Z,ops_bob,ssh,prod-db-slave,success,39143
2026-06-16T13:11:17Z,ops_alice,read,staging-api,success,18930
2026-06-16T13:11:59Z,ops_charlie,write,staging-api,success,35408
2026-06-16T13:12:17Z,svc_deploy,write,prod-web-02,success,1247
2026-06-16T13:13:28Z,svc_deploy,read,prod-db-master,success,34324
2026-06-16T13:13:33Z,ops_alice,sudo,prod-mq-01,failure,43697
2026-06-16T13:14:02Z,ops_charlie,sudo,staging-api,success,45026
2026-06-16T13:14:04Z,ops_bob,deploy,prod-db-master,success,56911
2026-06-16T13:14:36Z,svc_deploy,backup,prod-db-master,success,25869
2026-06-16T13:15:04Z,svc_deploy,write,prod-cache-01,success,20683
2026-06-16T13:15:19Z,svc_deploy,write,prod-cache-01,success,4172
2026-06-16T13:16:28Z,ops_alice,read,staging-api,success,48958
2026-06-16T13:19:28Z,ops_bob,deploy,prod-cache-01,success,3071
2026-06-16T13:19:40Z,ops_bob,sudo,prod-db-slave,success,41420
2026-06-16T13:22:32Z,ops_alice,deploy,prod-db-master,success,15699
2026-06-16T13:22:48Z,svc_deploy,create,prod-cache-01,success,41322
2026-06-16T13:23:11Z,ops_bob,restart,prod-cache-01,success,30687
2026-06-16T13:23:48Z,svc_deploy,ssh,prod-web-01,success,11521
2026-06-16T13:24:27Z,ops_bob,deploy,prod-db-master,success,50365
2026-06-16T13:25:09Z,ops_bob,deploy,prod-web-02,success,34353
2026-06-16T13:25:44Z,svc_deploy,read,prod-web-02,success,27927
2026-06-16T13:26:39Z,ops_alice,delete,prod-db-master,failure,34394
2026-06-16T13:28:22Z,svc_deploy,write,prod-db-master,success,21462
2026-06-16T13:29:13Z,ops_bob,delete,prod-cache-01,failure,5017
2026-06-16T13:30:20Z,svc_deploy,write,prod-db-slave,success,52382
2026-06-16T13:30:23Z,ops_charlie,deploy,prod-mq-01,success,27392
2026-06-16T13:32:09Z,ops_charlie,read,prod-web-02,success,45688
2026-06-16T13:32:42Z,ops_charlie,read,prod-db-master,success,39501
2026-06-16T13:33:22Z,ops_bob,restart,prod-mq-01,success,4860
2026-06-16T13:35:21Z,ops_charlie,restart,prod-mq-01,success,30965
2026-06-16T13:35:58Z,ops_alice,deploy,prod-db-master,success,6339
2026-06-16T13:36:19Z,ops_bob,sudo,prod-mq-01,success,1848
2026-06-16T13:37:06Z,ops_bob,deploy,prod-db-master,success,32286
2026-06-16T13:37:43Z,ops_bob,sudo,prod-db-master,success,23745
2026-06-16T13:38:03Z,ops_charlie,delete,prod-db-master,failure,40750
2026-06-16T13:40:44Z,ops_alice,ssh,prod-web-02,success,44561
2026-06-16T13:40:49Z,ops_alice,create,staging-api,success,46911
2026-06-16T13:41:13Z,svc_deploy,deploy,prod-db-master,success,23291
2026-06-16T13:42:58Z,ops_charlie,deploy,prod-mq-01,success,11859
2026-06-16T13:43:32Z,ops_bob,deploy,prod-web-02,failure,14226
2026-06-16T13:43:35Z,ops_alice,sudo,prod-db-slave,success,23136
2026-06-16T13:43:52Z,ops_bob,ssh,prod-web-01,success,38838
2026-06-16T13:46:49Z,ops_charlie,read,prod-mq-01,success,18747
2026-06-16T13:47:15Z,svc_deploy,backup,prod-db-slave,success,28922
2026-06-16T13:48:26Z,svc_deploy,create,prod-mq-01,failure,25669
2026-06-16T13:48:47Z,ops_alice,ssh,prod-web-01,success,31350
2026-06-16T13:49:45Z,ops_charlie,read,prod-web-01,success,12936
2026-06-16T13:52:43Z,svc_deploy,ssh,prod-cache-01,success,54284
2026-06-16T13:54:43Z,ops_charlie,read,prod-web-01,success,7159
2026-06-16T13:56:29Z,svc_deploy,deploy,prod-web-01,success,45251
2026-06-16T13:56:53Z,ops_alice,write,prod-db-master,success,48933
2026-06-16T13:57:35Z,svc_deploy,sudo,prod-mq-01,success,43085
2026-06-16T13:58:42Z,ops_bob,create,prod-db-master,success,25631
2026-06-16T14:00:50Z,ops_alice,create,prod-db-master,success,43925
2026-06-16T14:00:56Z,ops_charlie,deploy,prod-mq-01,success,4326
2026-06-16T14:01:36Z,ops_charlie,delete,staging-api,success,5227
2026-06-16T14:02:17Z,svc_deploy,restart,staging-api,success,19562
2026-06-16T14:03:23Z,ops_bob,sudo,prod-db-slave,success,11092
2026-06-16T14:04:30Z,ops_charlie,sudo,prod-mq-01,success,3612
2026-06-16T14:04:36Z,ops_charlie,deploy,prod-db-master,success,39169
2026-06-16T14:04:52Z,svc_deploy,ssh,prod-db-slave,success,6420
2026-06-16T14:05:50Z,ops_alice,create,staging-api,failure,44356
2026-06-16T14:06:01Z,ops_charlie,write,prod-db-slave,success,15192
2026-06-16T14:09:31Z,ops_charlie,create,prod-web-01,success,32538
2026-06-16T14:12:50Z,svc_deploy,read,staging-api,success,38116
2026-06-16T14:14:07Z,ops_charlie,restart,prod-db-master,success,6102
2026-06-16T14:16:25Z,ops_bob,delete,prod-web-02,success,20673
2026-06-16T14:18:35Z,ops_alice,write,prod-mq-01,success,27754
2026-06-16T14:18:38Z,ops_charlie,deploy,prod-web-02,success,10595
2026-06-16T14:19:45Z,ops_charlie,deploy,prod-mq-01,success,12179
2026-06-16T14:20:18Z,ops_alice,config_change,prod-cache-01,failure,11340
2026-06-16T14:20:59Z,ops_alice,sudo,prod-cache-01,success,46914
2026-06-16T14:21:44Z,ops_charlie,write,prod-db-slave,success,47774
2026-06-16T14:22:40Z,ops_alice,read,staging-api,success,18636
2026-06-16T14:25:09Z,svc_deploy,read,prod-mq-01,success,30983
2026-06-16T14:26:13Z,ops_bob,ssh,prod-web-02,success,30083
2026-06-16T14:27:17Z,ops_charlie,sudo,prod-cache-01,success,19054
2026-06-16T14:30:05Z,ops_alice,write,prod-db-slave,success,50188
2026-06-16T14:30:44Z,ops_charlie,config_change,prod-web-02,success,555
2026-06-16T14:30:51Z,ops_alice,restart,prod-mq-01,success,15025
2026-06-16T14:32:12Z,ops_charlie,ssh,prod-db-master,success,30859
2026-06-16T14:34:16Z,ops_alice,read,prod-db-master,success,14612
2026-06-16T14:37:20Z,ops_charlie,deploy,prod-db-slave,success,16395
2026-06-16T14:40:26Z,svc_deploy,read,prod-db-master,success,34672
2026-06-16T14:40:50Z,ops_charlie,sudo,staging-api,failure,39885
2026-06-16T14:41:09Z,ops_alice,read,prod-db-slave,success,51497
2026-06-16T14:42:03Z,svc_deploy,restart,prod-db-slave,success,43188
2026-06-16T14:45:42Z,ops_charlie,restart,prod-web-01,success,51951
2026-06-16T14:48:23Z,ops_bob,write,prod-web-02,success,13173
2026-06-16T14:50:18Z,ops_charlie,read,prod-web-01,success,57768
2026-06-16T14:50:51Z,ops_alice,write,prod-web-01,success,44090
2026-06-16T14:51:02Z,ops_alice,sudo,prod-cache-01,failure,59457
2026-06-16T14:53:27Z,ops_charlie,read,prod-web-02,success,15135
2026-06-16T14:58:22Z,ops_charlie,write,prod-cache-01,success,30784
2026-06-16T15:00:19Z,ops_alice,write,prod-db-master,success,28353
2026-06-16T15:04:00Z,svc_deploy,sudo,prod-web-02,failure,33860
2026-06-16T15:07:13Z,ops_bob,deploy,prod-db-master,success,27432
2026-06-16T15:08:57Z,ops_charlie,backup,prod-cache-01,success,8772
2026-06-16T15:09:25Z,ops_charlie,sudo,prod-mq-01,success,936
2026-06-16T15:12:16Z,ops_bob,deploy,prod-db-slave,success,2449
2026-06-16T15:12:44Z,ops_bob,deploy,prod-web-01,success,13541
2026-06-16T15:17:00Z,ops_charlie,sudo,prod-web-01,success,5784
2026-06-16T15:18:26Z,svc_deploy,delete,prod-cache-01,success,3556
2026-06-16T15:20:34Z,ops_bob,deploy,prod-web-01,success,45388
2026-06-16T15:22:28Z,ops_bob,ssh,staging-api,success,15090
2026-06-16T15:22:48Z,ops_charlie,restart,prod-db-master,success,9568
2026-06-16T15:23:32Z,ops_alice,delete,prod-web-02,success,49695
2026-06-16T15:24:15Z,ops_bob,write,staging-api,failure,5482
2026-06-16T15:25:22Z,ops_charlie,restart,prod-db-slave,success,44280
2026-06-16T15:25:32Z,ops_alice,permission_grant_global,prod-web-01,success,46161
2026-06-16T15:29:40Z,ops_alice,emergency_shutdown,staging-api,success,46900
2026-06-16T15:29:55Z,svc_deploy,create,prod-web-01,success,44196
2026-06-16T15:33:48Z,ops_alice,sudo,prod-web-02,success,33522
2026-06-16T15:35:52Z,ops_bob,write,staging-api,success,47650
2026-06-16T15:35:58Z,ops_bob,sudo,prod-web-02,success,241
2026-06-16T15:36:02Z,svc_deploy,write,staging-api,success,13624
2026-06-16T15:38:30Z,ops_bob,sudo,prod-web-01,success,18290
2026-06-16T15:38:55Z,ops_charlie,ssh,prod-web-01,success,45784
2026-06-16T15:40:01Z,ops_bob,create,prod-mq-01,success,48940
2026-06-16T15:41:37Z,svc_deploy,write,prod-web-02,success,6464
2026-06-16T15:41:56Z,ops_charlie,deploy,prod-web-01,success,38848
2026-06-16T15:42:48Z,svc_deploy,sudo,prod-web-02,success,30032
2026-06-16T15:44:47Z,svc_deploy,config_change,prod-db-slave,success,17979
2026-06-16T15:46:43Z,svc_deploy,ssh,prod-db-master,success,52546
2026-06-16T15:47:16Z,ops_alice,read,prod-cache-01,success,33250
2026-06-16T15:49:12Z,ops_charlie,read,staging-api,success,44391
2026-06-16T15:51:18Z,ops_alice,config_change,prod-web-02,success,1680
2026-06-16T15:51:30Z,svc_deploy,config_change,prod-db-master,success,37577
2026-06-16T15:51:39Z,ops_alice,delete,prod-db-slave,success,32446
2026-06-16T15:52:09Z,ops_bob,sudo,staging-api,success,58790
2026-06-16T15:53:54Z,ops_alice,restart,prod-cache-01,success,19316
2026-06-16T15:54:42Z,ops_charlie,create,staging-api,success,20650
2026-06-16T15:56:48Z,svc_deploy,sudo,prod-db-slave,success,26648
2026-06-16T15:58:01Z,ops_bob,restart,prod-mq-01,success,16430
2026-06-16T15:58:52Z,ops_charlie,restart,prod-db-slave,failure,46447
2026-06-16T16:00:48Z,ops_charlie,read,prod-web-01,success,4897
2026-06-16T16:01:55Z,svc_deploy,config_change,prod-web-01,success,20719
2026-06-16T16:07:58Z,ops_charlie,ssh,prod-web-01,success,44157
2026-06-16T16:08:04Z,svc_deploy,restart,prod-mq-01,success,4609
2026-06-16T16:11:54Z,ops_charlie,sudo,prod-db-master,success,1340
2026-06-16T16:12:06Z,ops_bob,create,prod-db-master,success,58330
2026-06-16T16:16:49Z,ops_bob,read,prod-db-slave,success,44196
2026-06-16T16:23:45Z,svc_deploy,deploy,staging-api,success,47597
2026-06-16T16:24:13Z,ops_bob,read,prod-db-master,success,16267
2026-06-16T16:25:53Z,ops_bob,sudo,prod-web-01,success,51982
2026-06-16T16:27:09Z,ops_alice,deploy,staging-api,success,7283
2026-06-16T16:27:12Z,svc_deploy,delete,prod-cache-01,failure,38871
2026-06-16T16:27:47Z,ops_bob,sudo,prod-mq-01,success,52211
2026-06-16T16:29:04Z,ops_alice,read,prod-db-master,success,55767
2026-06-16T16:33:04Z,ops_charlie,sudo,prod-mq-01,failure,14381
2026-06-16T16:33:06Z,ops_alice,read,prod-db-slave,success,1081
2026-06-16T16:33:13Z,ops_bob,create,prod-web-01,success,25327
2026-06-16T16:33:56Z,ops_alice,sudo,prod-cache-01,success,32951
2026-06-16T16:34:38Z,ops_bob,read,prod-web-01,success,42643
2026-06-16T16:36:48Z,svc_deploy,config_change,prod-web-02,success,1515
2026-06-16T16:37:46Z,ops_alice,deploy,staging-api,success,34735
2026-06-16T16:38:14Z,ops_bob,deploy,prod-db-master,success,41789
2026-06-16T16:39:45Z,svc_deploy,read,prod-db-master,success,17051
2026-06-16T16:40:02Z,ops_charlie,deploy,prod-db-master,success,32147
2026-06-16T16:42:28Z,svc_deploy,deploy,prod-db-master,success,30194
2026-06-16T16:42:47Z,ops_alice,sudo,staging-api,success,17553
2026-06-16T16:43:16Z,ops_alice,restart,prod-db-master,success,17109
2026-06-16T16:46:05Z,ops_charlie,deploy,prod-db-master,success,42223
2026-06-16T16:47:45Z,ops_alice,deploy,prod-web-02,failure,49043
2026-06-16T16:51:31Z,svc_deploy,write,prod-db-master,success,13944
2026-06-16T16:51:46Z,ops_alice,sudo,prod-db-master,success,14644
2026-06-16T16:54:19Z,ops_alice,read,prod-mq-01,success,55099
2026-06-16T16:55:31Z,ops_charlie,write,prod-db-master,success,59659
2026-06-16T16:58:25Z,svc_deploy,restart,prod-cache-01,success,40203
2026-06-16T16:58:45Z,ops_charlie,deploy,staging-api,success,59640
2026-06-16T16:59:23Z,ops_charlie,read,prod-db-master,success,20406
2026-06-16T16:59:47Z,svc_deploy,deploy,prod-db-master,success,59912
2026-06-16T17:03:58Z,ops_charlie,db_restore,prod-mq-01,success,14434
2026-06-16T17:04:36Z,svc_deploy,deploy,staging-api,success,48610
2026-06-16T17:05:57Z,svc_deploy,restart,staging-api,success,3675
2026-06-16T17:06:34Z,ops_bob,read,prod-cache-01,success,18931
2026-06-16T17:07:17Z,svc_deploy,ssh,prod-db-master,success,16815
2026-06-16T17:10:29Z,ops_bob,sudo,staging-api,success,47595
2026-06-16T17:12:47Z,ops_alice,sudo,prod-web-01,success,18680
2026-06-16T17:12:57Z,ops_alice,restart,prod-web-02,success,7265
2026-06-16T17:16:42Z,ops_bob,create,prod-web-01,failure,50589
2026-06-16T17:16:42Z,svc_deploy,write,prod-db-master,success,43049
2026-06-16T17:16:51Z,ops_bob,deploy,prod-db-master,success,46884
2026-06-16T17:17:17Z,ops_bob,deploy,prod-mq-01,failure,46138
2026-06-16T17:17:44Z,ops_bob,deploy,prod-mq-01,success,9910
2026-06-16T17:21:08Z,ops_alice,restart,prod-web-02,success,33693
2026-06-16T17:21:41Z,ops_bob,deploy,prod-web-02,success,656
2026-06-16T17:22:53Z,ops_charlie,sudo,prod-mq-01,failure,59758
2026-06-16T17:23:03Z,ops_alice,restart,prod-mq-01,success,50298
2026-06-16T17:25:19Z,ops_bob,sudo,prod-web-02,success,58213
2026-06-16T17:27:13Z,ops_charlie,rollback,prod-web-02,success,38113
2026-06-16T17:27:33Z,ops_charlie,ssh,staging-api,success,13253
2026-06-16T17:29:15Z,svc_deploy,sudo,prod-web-01,success,51412
2026-06-16T17:33:05Z,ops_bob,delete,prod-web-02,success,39402
2026-06-16T17:34:21Z,ops_bob,deploy,prod-db-master,success,48243
2026-06-16T17:34:31Z,svc_deploy,deploy,prod-web-02,success,53117
2026-06-16T17:37:27Z,ops_bob,restart,prod-mq-01,success,50432
2026-06-16T17:40:22Z,ops_charlie,config_change,prod-web-02,success,53418
2026-06-16T17:41:21Z,ops_alice,sudo,prod-web-02,success,30782
2026-06-16T17:41:25Z,ops_alice,read,prod-db-master,success,12356
2026-06-16T17:43:44Z,svc_deploy,deploy,staging-api,success,48583
2026-06-16T17:44:11Z,ops_bob,restart,prod-db-master,success,841
2026-06-16T17:44:45Z,ops_charlie,write,staging-api,success,4522
2026-06-16T17:45:37Z,ops_bob,deploy,prod-db-master,success,52928
2026-06-16T17:46:16Z,ops_alice,deploy,staging-api,success,43040
2026-06-16T17:46:30Z,ops_alice,config_change,prod-mq-01,success,57404
2026-06-16T17:50:48Z,svc_deploy,restart,prod-web-02,success,3655
2026-06-16T17:52:11Z,ops_alice,backup,prod-db-slave,failure,20240
2026-06-16T17:52:50Z,ops_alice,write,prod-web-02,success,49078
2026-06-16T17:53:26Z,ops_alice,sudo,prod-web-02,success,13942
2026-06-16T17:56:32Z,ops_alice,write,prod-db-slave,success,7415
2026-06-16T17:58:57Z,ops_alice,read,prod-cache-01,success,31919
2026-06-16T17:59:10Z,svc_deploy,write,prod-web-01,failure,43820
2026-06-16T17:59:24Z,ops_charlie,write,prod-mq-01,success,17623
2026-06-16T18:02:34Z,ops_charlie,write,staging-api,success,12728
2026-06-16T18:04:55Z,ops_charlie,write,prod-db-slave,success,18995
2026-06-16T18:05:27Z,ops_charlie,deploy,prod-cache-01,success,44764
2026-06-16T18:05:43Z,ops_bob,write,prod-db-slave,success,28922
2026-06-16T18:07:15Z,ops_alice,deploy,staging-api,success,44511
2026-06-16T18:11:06Z,ops_alice,restart,prod-mq-01,success,26417
2026-06-16T18:11:20Z,ops_alice,restart,prod-mq-01,success,34311
2026-06-16T18:13:36Z,ops_alice,create,prod-cache-01,success,50288
2026-06-16T18:14:26Z,ops_charlie,read,prod-web-01,success,18539
2026-06-16T18:15:58Z,svc_deploy,write,prod-web-01,success,35298
2026-06-16T18:17:06Z,ops_charlie,sudo,prod-db-master,success,47163
2026-06-16T18:18:41Z,ops_charlie,restart,staging-api,success,6135
2026-06-16T18:19:00Z,ops_bob,read,prod-db-slave,success,23329
2026-06-16T18:20:53Z,ops_charlie,read,prod-db-slave,success,6910
2026-06-16T18:24:33Z,svc_deploy,create,staging-api,success,45496
2026-06-16T18:26:18Z,svc_deploy,sudo,prod-web-02,success,50170
2026-06-16T18:26:23Z,ops_alice,delete,staging-api,success,15490
2026-06-16T18:26:37Z,ops_charlie,read,prod-web-02,success,1336
2026-06-16T18:27:20Z,ops_alice,create,prod-db-slave,success,18065
2026-06-16T18:27:37Z,ops_alice,sudo,prod-db-master,success,40106
2026-06-16T18:28:38Z,ops_charlie,restart,prod-db-master,success,23830
2026-06-16T18:33:08Z,ops_bob,sudo,prod-web-01,success,9008
2026-06-16T18:34:27Z,ops_bob,delete,staging-api,success,43076
2026-06-16T18:35:33Z,ops_bob,ssh,staging-api,success,48902
2026-06-16T18:35:41Z,ops_bob,read,prod-db-slave,success,14877
2026-06-16T18:36:37Z,svc_deploy,write,prod-web-01,success,16544
2026-06-16T18:36:50Z,ops_charlie,write,prod-db-slave,success,51680
2026-06-16T18:37:40Z,ops_bob,delete,prod-cache-01,failure,13857
2026-06-16T18:38:29Z,ops_bob,sudo,prod-cache-01,success,16946
2026-06-16T18:42:06Z,ops_bob,read,prod-web-02,success,37582
2026-06-16T18:42:44Z,ops_bob,sudo,staging-api,success,7300
2026-06-16T18:45:00Z,ops_alice,write,prod-db-master,success,31367
2026-06-16T18:45:28Z,ops_bob,deploy,prod-db-slave,success,366
2026-06-16T18:47:31Z,ops_bob,deploy,prod-web-02,success,53883
2026-06-16T18:47:33Z,ops_bob,sudo,prod-db-master,success,29797
2026-06-16T18:47:52Z,ops_charlie,deploy,prod-web-01,success,44359
2026-06-16T18:50:42Z,ops_charlie,deploy,prod-web-02,failure,10588
2026-06-16T18:54:26Z,svc_deploy,delete,prod-web-02,failure,16272
2026-06-16T18:54:42Z,ops_charlie,read,staging-api,success,45468
2026-06-16T18:55:40Z,ops_charlie,read,prod-db-master,success,6581
2026-06-16T18:56:21Z,ops_charlie,read,prod-db-slave,success,45071
2026-06-16T18:56:25Z,svc_deploy,deploy,prod-db-master,success,18685
2026-06-16T18:58:02Z,ops_charlie,deploy,prod-web-01,success,17464
2026-06-16T18:58:35Z,ops_charlie,restart,staging-api,success,56720
2026-06-16T19:00:28Z,svc_deploy,create,prod-web-01,success,21292
2026-06-16T19:01:08Z,ops_charlie,read,staging-api,success,55222
2026-06-16T19:03:04Z,ops_bob,read,prod-db-slave,success,52169
2026-06-16T19:03:42Z,ops_alice,sudo,prod-cache-01,success,11159
2026-06-16T19:07:45Z,ops_bob,write,staging-api,success,53311
2026-06-16T19:08:05Z,ops_charlie,permission_grant_global,prod-cache-01,success,49232
2026-06-16T19:08:26Z,ops_bob,read,prod-cache-01,success,50092
2026-06-16T19:11:37Z,ops_alice,deploy,staging-api,success,52950
2026-06-16T19:13:14Z,svc_deploy,delete,prod-mq-01,success,13843
2026-06-16T19:16:00Z,ops_alice,deploy,prod-mq-01,success,37549
2026-06-16T19:19:27Z,svc_deploy,write,prod-mq-01,success,43718
2026-06-16T19:25:31Z,ops_bob,read,prod-mq-01,success,43192
2026-06-16T19:26:43Z,ops_charlie,read,staging-api,success,46748
2026-06-16T19:29:21Z,ops_bob,ssh,prod-db-master,failure,17109
2026-06-16T19:29:39Z,ops_charlie,deploy,prod-web-02,success,39450
2026-06-16T19:33:20Z,ops_charlie,read,prod-db-slave,success,40387
2026-06-16T19:34:28Z,ops_bob,config_change,prod-web-02,success,36874
2026-06-16T19:38:37Z,ops_bob,sudo,prod-db-master,failure,11445
2026-06-16T19:40:06Z,ops_alice,read,prod-mq-01,success,42802
2026-06-16T19:40:30Z,ops_bob,sudo,prod-web-02,success,18064
2026-06-16T19:40:46Z,svc_deploy,read,prod-web-01,success,17705
2026-06-16T19:41:37Z,svc_deploy,deploy,prod-web-02,success,12448
2026-06-16T19:44:22Z,svc_deploy,sudo,prod-cache-01,success,48817
2026-06-16T19:45:05Z,svc_deploy,ssh,staging-api,success,25276
2026-06-16T19:46:23Z,svc_deploy,write,prod-web-01,success,26394
2026-06-16T19:48:32Z,ops_charlie,deploy,staging-api,success,19491
2026-06-16T19:48:53Z,ops_charlie,config_change,prod-web-01,failure,26699
2026-06-16T19:51:29Z,ops_alice,ssh,prod-mq-01,success,56658
2026-06-16T19:53:24Z,ops_charlie,ssh,prod-web-02,success,16248
2026-06-16T19:53:28Z,ops_bob,read,staging-api,success,4171
2026-06-16T19:54:08Z,ops_charlie,restart,prod-cache-01,success,3909
2026-06-16T19:54:33Z,ops_charlie,restart,prod-web-01,success,36082
2026-06-16T19:54:34Z,ops_alice,sudo,prod-cache-01,success,14364
2026-06-16T19:57:09Z,ops_charlie,read,prod-db-slave,success,2106
2026-06-16T19:57:23Z,ops_alice,restart,prod-web-01,failure,48554
2026-06-16T20:00:00Z,ops_bob,config_change,prod-db-slave,success,44938
2026-06-16T20:01:40Z,ops_bob,read,prod-mq-01,success,42441
2026-06-16T20:02:36Z,svc_deploy,sudo,prod-web-01,success,31482
2026-06-16T20:03:04Z,ops_bob,config_change,prod-web-01,failure,48947
2026-06-16T20:03:53Z,svc_deploy,read,prod-mq-01,success,11998
2026-06-16T20:04:28Z,ops_charlie,sudo,prod-db-master,success,20959
2026-06-16T20:05:17Z,ops_bob,deploy,prod-cache-01,failure,11021
2026-06-16T20:05:49Z,svc_deploy,restart,prod-web-01,success,27293
2026-06-16T20:06:52Z,ops_charlie,cert_revoke,prod-mq-01,success,49989
2026-06-16T20:07:18Z,ops_bob,restart,prod-web-02,success,24352
2026-06-16T20:12:59Z,svc_deploy,ssh,prod-db-master,success,30470
2026-06-16T20:18:58Z,ops_bob,rollback,prod-db-master,success,35356
2026-06-16T20:22:14Z,ops_charlie,restart,prod-web-01,success,40302
2026-06-16T20:23:04Z,ops_charlie,write,prod-db-slave,success,16386
2026-06-16T20:23:38Z,ops_bob,sudo,prod-web-01,success,36216
2026-06-16T20:24:08Z,ops_charlie,read,prod-db-master,success,28768
2026-06-16T20:24:48Z,ops_alice,sudo,prod-db-slave,success,28058
2026-06-16T20:25:17Z,svc_deploy,restart,prod-db-slave,success,43078
2026-06-16T20:25:31Z,ops_charlie,config_change,prod-db-slave,success,1226
2026-06-16T20:26:33Z,svc_deploy,create,prod-mq-01,success,9940
2026-06-16T20:30:23Z,svc_deploy,sudo,prod-db-slave,success,42736
2026-06-16T20:30:32Z,ops_bob,read,prod-mq-01,success,38869
2026-06-16T20:31:24Z,ops_bob,sudo,prod-db-master,success,36614
2026-06-16T20:31:27Z,ops_charlie,backup,prod-web-02,success,55751
2026-06-16T20:35:10Z,ops_charlie,sudo,prod-web-01,success,41690
2026-06-16T20:36:53Z,ops_bob,read,prod-db-slave,failure,44126
2026-06-16T20:37:09Z,ops_bob,sudo,prod-mq-01,success,24252
2026-06-16T20:37:49Z,svc_deploy,read,prod-web-01,success,22111
2026-06-16T20:38:34Z,ops_charlie,deploy,prod-mq-01,success,39622
2026-06-16T20:38:52Z,ops_alice,create,prod-cache-01,success,48997
2026-06-16T20:39:53Z,ops_charlie,read,prod-db-slave,success,44179
2026-06-16T20:40:12Z,ops_bob,deploy,prod-cache-01,success,10785
2026-06-16T20:40:27Z,svc_deploy,deploy,prod-mq-01,success,29529
2026-06-16T20:42:42Z,ops_alice,delete,prod-web-02,success,27451
2026-06-16T20:43:35Z,svc_deploy,restart,prod-mq-01,success,7955
2026-06-16T20:45:46Z,ops_bob,read,prod-web-02,success,14485
2026-06-16T20:45:57Z,svc_deploy,write,prod-db-slave,success,39277
2026-06-16T20:46:21Z,ops_charlie,deploy,prod-web-01,success,6915
2026-06-16T20:47:24Z,svc_deploy,read,staging-api,success,56949
2026-06-16T20:48:04Z,svc_deploy,read,prod-cache-01,success,43232
2026-06-16T20:48:12Z,ops_charlie,backup,prod-mq-01,success,7690
2026-06-16T20:49:58Z,ops_bob,backup,prod-db-master,failure,2821
2026-06-16T20:50:25Z,ops_bob,delete,prod-cache-01,success,33261
2026-06-16T20:52:38Z,svc_deploy,write,prod-web-01,success,49302
2026-06-16T20:52:48Z,ops_bob,db_restore,prod-cache-01,success,38672
2026-06-16T20:53:45Z,ops_alice,deploy,prod-web-02,success,45916
2026-06-16T20:55:24Z,ops_charlie,ssh,staging-api,success,59845
2026-06-16T20:55:53Z,svc_deploy,deploy,prod-cache-01,success,21822
2026-06-16T20:56:44Z,svc_deploy,restart,prod-db-slave,success,54415
2026-06-16T20:57:55Z,ops_bob,deploy,prod-db-slave,success,19614
2026-06-16T20:58:29Z,ops_alice,deploy,prod-mq-01,success,28683
2026-06-16T20:59:16Z,ops_bob,read,prod-cache-01,success,4619
2026-06-16T20:59:57Z,ops_alice,backup,prod-cache-01,success,31262
2026-06-16T21:00:48Z,svc_deploy,write,prod-web-01,success,28594
2026-06-16T21:00:49Z,ops_alice,deploy,staging-api,failure,5988
2026-06-16T21:02:16Z,ops_alice,sudo,prod-web-02,success,43057
2026-06-16T21:04:11Z,ops_alice,deploy,prod-db-master,success,41777
2026-06-16T21:09:05Z,svc_deploy,read,prod-web-02,success,3108
2026-06-16T21:10:28Z,ops_alice,deploy,prod-mq-01,success,54281
2026-06-16T21:11:13Z,ops_alice,config_change,prod-db-master,failure,32631
2026-06-16T21:15:02Z,ops_charlie,read,prod-db-master,failure,12051
2026-06-16T21:15:15Z,ops_bob,read,prod-cache-01,success,1928
2026-06-16T21:16:47Z,svc_deploy,config_change,staging-api,success,47220
2026-06-16T21:16:58Z,ops_alice,restart,prod-db-slave,success,4423
2026-06-16T21:16:58Z,ops_bob,create,prod-web-01,success,4280
2026-06-16T21:22:16Z,ops_alice,deploy,prod-web-02,failure,21154
2026-06-16T21:23:05Z,ops_charlie,ssh,prod-web-01,success,14906
2026-06-16T21:23:25Z,ops_alice,deploy,prod-web-01,success,31738
2026-06-16T21:24:53Z,ops_alice,restart,prod-cache-01,success,57225
2026-06-16T21:25:04Z,ops_charlie,sudo,prod-cache-01,success,37087
2026-06-16T21:25:10Z,svc_deploy,write,prod-mq-01,success,25235
2026-06-16T21:26:44Z,svc_deploy,restart,prod-db-master,success,34486
2026-06-16T21:27:11Z,ops_bob,config_change,prod-web-01,success,33700
2026-06-16T21:28:19Z,svc_deploy,sudo,prod-db-master,success,11834
2026-06-16T21:30:03Z,ops_bob,ssh,prod-cache-01,success,52281
2026-06-16T21:31:08Z,svc_deploy,restart,prod-db-master,success,45585
2026-06-16T21:31:29Z,ops_alice,restart,prod-mq-01,success,30355
2026-06-16T21:32:23Z,svc_deploy,read,prod-db-slave,success,1337
2026-06-16T21:33:27Z,ops_charlie,deploy,prod-web-02,success,12293
2026-06-16T21:33:56Z,ops_charlie,deploy,prod-web-02,success,56982
2026-06-16T21:34:16Z,ops_alice,read,prod-web-02,success,25142
2026-06-16T21:34:38Z,ops_charlie,restart,prod-db-slave,success,24381
2026-06-16T21:35:43Z,svc_deploy,read,prod-db-slave,success,46129
2026-06-16T21:42:49Z,ops_alice,ssh,prod-db-slave,success,37078
2026-06-16T21:43:57Z,svc_deploy,read,staging-api,success,33961
2026-06-16T21:45:03Z,ops_bob,restart,prod-web-02,success,4337
2026-06-16T21:48:21Z,ops_charlie,deploy,prod-db-slave,success,33569
2026-06-16T21:48:39Z,svc_deploy,config_change,staging-api,success,36341
2026-06-16T21:49:58Z,svc_deploy,read,prod-cache-01,success,55856
2026-06-16T21:50:38Z,ops_bob,write,prod-db-slave,success,15079
2026-06-16T21:50:53Z,ops_alice,read,prod-db-slave,success,16247
2026-06-16T21:53:41Z,svc_deploy,read,staging-api,success,12935
2026-06-16T21:56:53Z,ops_charlie,create,prod-web-02,success,31671
2026-06-16T21:57:23Z,svc_deploy,deploy,prod-db-master,success,3019
2026-06-16T21:59:04Z,svc_deploy,sudo,prod-web-01,success,43328
2026-06-16T22:00:52Z,ops_alice,ssh,prod-web-02,failure,52796
2026-06-16T22:01:01Z,ops_alice,delete,prod-cache-01,success,36858
2026-06-16T22:05:08Z,ops_charlie,read,prod-db-slave,success,31689
2026-06-16T22:05:34Z,ops_alice,read,prod-db-master,success,25676
2026-06-16T22:06:52Z,ops_alice,write,prod-db-slave,failure,50868
2026-06-16T22:07:21Z,ops_charlie,ssh,prod-web-02,failure,9792
2026-06-16T22:08:53Z,ops_bob,restart,prod-db-slave,success,59332
2026-06-16T22:12:58Z,ops_charlie,write,prod-cache-01,success,589
2026-06-16T22:13:30Z,ops_alice,deploy,prod-db-master,failure,34150
2026-06-16T22:14:17Z,ops_charlie,sudo,prod-db-master,success,33481
2026-06-16T22:16:22Z,ops_charlie,restart,prod-db-slave,success,6978
2026-06-16T22:16:51Z,ops_charlie,restart,prod-mq-01,success,57018
2026-06-16T22:19:11Z,svc_deploy,restart,staging-api,success,30280
2026-06-16T22:24:44Z,svc_deploy,write,prod-mq-01,success,49466
2026-06-16T22:25:57Z,ops_alice,sudo,prod-web-01,success,51461
2026-06-16T22:26:38Z,ops_charlie,read,prod-mq-01,success,1250
2026-06-16T22:28:08Z,svc_deploy,deploy,staging-api,success,12798
2026-06-16T22:28:31Z,svc_deploy,write,prod-web-02,success,30198
2026-06-16T22:29:11Z,ops_alice,read,prod-db-slave,success,3444
2026-06-16T22:29:11Z,ops_alice,write,prod-db-master,success,28692
2026-06-16T22:29:49Z,ops_bob,ssh,prod-db-master,success,18620
2026-06-16T22:30:22Z,ops_bob,backup,prod-db-slave,success,50053
2026-06-16T22:32:17Z,ops_charlie,read,prod-cache-01,success,40959
2026-06-16T22:33:11Z,svc_deploy,backup,staging-api,success,2393
2026-06-16T22:34:49Z,ops_alice,ssh,staging-api,success,19387
2026-06-16T22:34:54Z,svc_deploy,deploy,prod-db-slave,success,59766
2026-06-16T22:35:47Z,ops_bob,config_change,prod-mq-01,success,1428
2026-06-16T22:38:00Z,svc_deploy,ssh,prod-web-01,success,9510
2026-06-16T22:38:02Z,ops_bob,write,prod-web-01,success,26886
2026-06-16T22:39:29Z,ops_alice,ssh,prod-db-slave,success,53960
2026-06-16T22:39:38Z,svc_deploy,read,prod-cache-01,success,32842
2026-06-16T22:39:45Z,svc_deploy,sudo,prod-cache-01,success,17308
2026-06-16T22:40:31Z,ops_alice,sudo,prod-web-01,success,33097
2026-06-16T22:44:23Z,ops_charlie,sudo,prod-mq-01,failure,10270
2026-06-16T22:45:23Z,ops_alice,restart,prod-db-master,success,38341
2026-06-16T22:45:29Z,ops_bob,create,prod-mq-01,success,35813
2026-06-16T22:47:08Z,ops_alice,deploy,prod-web-01,success,43824
2026-06-16T22:48:25Z,ops_alice,sudo,prod-db-slave,success,56338
2026-06-16T22:49:58Z,ops_charlie,deploy,prod-db-slave,success,10782
2026-06-16T22:50:21Z,ops_bob,read,prod-web-02,success,56783
2026-06-16T22:50:40Z,ops_charlie,deploy,prod-cache-01,success,11864
2026-06-16T22:51:11Z,ops_alice,write,prod-cache-01,success,7159
2026-06-16T22:52:00Z,ops_charlie,deploy,prod-db-slave,success,23569
2026-06-16T22:52:46Z,ops_bob,deploy,prod-web-02,success,38369
2026-06-16T22:53:16Z,ops_bob,delete,prod-web-01,success,43991
2026-06-16T22:53:28Z,ops_alice,write,prod-db-slave,success,58855
2026-06-16T22:54:48Z,ops_charlie,sudo,prod-db-slave,success,39797
2026-06-16T22:55:05Z,ops_alice,sudo,prod-mq-01,success,28797
2026-06-16T22:55:45Z,ops_alice,read,staging-api,success,41420
2026-06-16T22:58:26Z,svc_deploy,deploy,prod-db-master,success,26020
2026-06-16T22:59:06Z,ops_bob,restart,prod-web-01,failure,40772
2026-06-16T22:59:55Z,ops_charlie,deploy,prod-mq-01,success,41968
2026-06-16T22:59:55Z,ops_bob,restart,prod-cache-01,success,58568
2026-06-16T23:00:55Z,ops_bob,sudo,staging-api,success,57062
2026-06-16T23:02:12Z,ops_alice,write,prod-mq-01,success,44355
2026-06-16T23:03:44Z,ops_alice,read,prod-db-master,success,11630
2026-06-16T23:09:12Z,ops_alice,write,prod-web-02,success,26052
2026-06-16T23:10:04Z,ops_alice,write,prod-web-01,success,59309
2026-06-16T23:10:21Z,ops_charlie,read,prod-mq-01,success,45868
2026-06-16T23:13:55Z,ops_bob,read,prod-web-01,success,41799
2026-06-16T23:17:32Z,ops_bob,sudo,prod-web-01,success,23386
2026-06-16T23:19:06Z,ops_charlie,read,prod-mq-01,failure,27390
2026-06-16T23:19:07Z,ops_charlie,read,staging-api,success,2433
2026-06-16T23:19:43Z,svc_deploy,ssh,prod-db-master,success,59609
2026-06-16T23:21:00Z,ops_bob,restart,prod-web-01,success,22206
2026-06-16T23:25:44Z,ops_bob,create,prod-web-01,success,51657
2026-06-16T23:28:46Z,ops_bob,read,prod-cache-01,success,4268
2026-06-16T23:32:09Z,ops_bob,deploy,prod-db-slave,success,14849
2026-06-16T23:36:55Z,ops_bob,read,prod-db-master,success,38237
2026-06-16T23:39:59Z,svc_deploy,sudo,prod-mq-01,success,21234
2026-06-16T23:40:15Z,ops_alice,restart,prod-db-slave,success,15201
2026-06-16T23:41:29Z,ops_charlie,deploy,prod-mq-01,failure,59802
2026-06-16T23:44:41Z,ops_charlie,sudo,prod-db-master,success,54456
2026-06-16T23:45:34Z,ops_charlie,deploy,prod-mq-01,success,4175
2026-06-16T23:45:35Z,ops_alice,delete,prod-web-02,success,42553
2026-06-16T23:52:51Z,ops_bob,sudo,prod-db-master,success,51529
2026-06-16T23:53:33Z,ops_bob,delete,prod-db-slave,success,13552
2026-06-16T23:55:06Z,svc_deploy,deploy,prod-mq-01,success,31592
2026-06-16T23:58:26Z,svc_deploy,sudo,staging-api,success,5447
2026-06-16T23:59:21Z,ops_charlie,restart,prod-db-slave,success,16885
